,names
0,Ermelinda
1,Parton
2,Tessa
3,Finke
4,Brigid
5,Petrus
6,Ellamae
7,Mcabee
8,Lana
9,Garg
10,Nan
11,Barretta
12,Khalilah
13,Acklin
14,Albertine
15,Herlihy
16,Araceli
17,Gobble
18,Kallie
19,Troxel
20,Gretchen
21,Roe
22,Melania
23,Molock
24,Dwain
25,Hembree
26,Marget
27,Trentham
28,Zina
29,Huey
30,Georgina
31,Dyches
32,Dale
33,Huynh
34,Jaimie
35,Umana
36,Carmine
37,Flournoy
38,Teodoro
39,Lapinski
40,Katia
41,Laracuente
42,Jacqueline
43,Cifuentes
44,Dennise
45,Cabezas
46,Damion
47,Mcgowin
48,Tanja
49,Bohnsack
50,Grant
51,Kollman
52,Grady
53,Tatom
54,Shawnee
55,Sen
56,Vito
57,Wille
58,Hang
59,Manno
60,Sana
61,Sinegal
62,Kindra
63,Merlino
64,Alane
65,Liddell
66,Patrick
67,Farmer
68,Marci
69,Cinnamon
70,Tammy
71,Metzgar
72,Theodora
73,Conant
74,Asia
75,Higbee
76,Lowell
77,Collette
78,Verline
79,Mackley
80,Laurence
81,Batie
82,Jodi
83,Cappel
84,Shanda
85,Shiley
86,Joanie
87,Herford
88,Loreta
89,Baumgarten
90,Patty
91,Devane
92,Johnnie
93,Few
94,Lakendra
95,Gau
96,Barbie
97,Hilburn
98,Rosette
99,Boser
